{
	"class_name" : "PinholeCameraParameters",
	"extrinsic" : 
	[
		0.52395247711217463,
		0.3786272528007264,
		-0.76296474699988015,
		0.0,
		-0.33307815496396048,
		-0.73335169889127161,
		-0.59266704684762916,
		0.0,
		-0.78392138917994847,
		0.56465625753183746,
		-0.2581289724465643,
		0.0,
		0.0017181304559236166,
		6.4844193765678515e-05,
		0.85272558000978893,
		1.0
	],
	"intrinsic" : 
	{
		"height" : 400,
		"intrinsic_matrix" : 
		[
			346.41016151377551,
			0.0,
			0.0,
			0.0,
			346.41016151377551,
			0.0,
			199.5,
			199.5,
			1.0
		],
		"width" : 400
	},
	"version_major" : 1,
	"version_minor" : 0
}