{
	"class_name" : "PinholeCameraParameters",
	"extrinsic" : 
	[
		0.49352928649185313,
		0.40955724876718297,
		-0.76726247357543709,
		0.0,
		-0.26729108570972782,
		-0.7680673220809735,
		-0.58191757513541142,
		0.0,
		-0.82763779449403918,
		0.49227578523995885,
		-0.26959271576106181,
		0.0,
		0.0017291534017910004,
		0.00013085468865725591,
		0.68117723013395981,
		1.0
	],
	"intrinsic" : 
	{
		"height" : 400,
		"intrinsic_matrix" : 
		[
			346.41016151377551,
			0.0,
			0.0,
			0.0,
			346.41016151377551,
			0.0,
			199.5,
			199.5,
			1.0
		],
		"width" : 400
	},
	"version_major" : 1,
	"version_minor" : 0
}